regiao,uf,estacao,codigo_wmo,latitude,longitude,altitude,data_de_fundacao_yyyy_mm_dd
CO,DF,BRASILIA,A001,-15.78944444,-47.92583332,"1159,54",2000-05-07
CO,DF,BRAZLANDIA,A042,-15.59972221,-48.1311111,1143,2017-07-19
CO,DF,AGUAS EMENDADAS,A045,-15.59638888,-47.62583332,1200,2008-10-03
CO,DF,GAMA (PONTE ALTA),A046,-15.93527777,-48.13749999,990,2014-10-01
CO,DF,PARANOA (COOPA-DF),A047,-16.01111111,-47.5575,1043,2017-02-07
CO,GO,GOIANIA,A002,-16.64277777,-49.21999999,770,2001-05-29
CO,GO,MORRINHOS,A003,-17.71666667,-49.1,"771,42",2001-05-25
CO,GO,SAO SIMAO,A011,-18.96666666,-50.61666666,"488,51",2006-07-15
CO,GO,LUZIANIA,A012,-16.27222222,-47.96638889,"959,5",2006-10-21
CO,GO,ARAGARCAS,A013,-15.90583333,-52.24388888,347,2007-07-13
CO,GO,GOIAS,A014,-15.93916666,-50.14138888,512,2007-07-18
CO,GO,ITAPACI,A015,-14.98027777,-49.53944444,522,2007-02-03
CO,GO,JATAI,A016,-17.92388888,-51.71777777,582,2007-05-23
CO,GO,POSSE,A017,-14.08916666,-46.36638888,834,2007-04-18
CO,GO,GOIANESIA,A022,-15.22027777,-48.99027777,667,2007-06-02
CO,GO,CAIAPONIA,A023,-16.96666666,-51.81749999,737,2007-05-21
CO,GO,ALTO PARAISO DE GOIAS,A024,-14.13305554,-47.52305554,1260,2007-06-04
CO,GO,RIO VERDE,A025,-17.78583333,-50.98138888,782,2007-05-17
CO,GO,MINEIROS,A026,-17.45472222,-52.60111111,862,2007-11-24
CO,GO,PARAUNA,A027,-16.94583333,-50.42527777,678,2008-03-29
CO,GO,IPORA,A028,-16.42305554,-51.14805555,625,2013-06-24
CO,GO,EDEIA,A029,-17.33694444,-49.91472222,608,2017-08-26
CO,GO,SAO MIGUEL DO ARAGUAIA,A031,-12.81972221,-50.34166666,340,2017-06-29
CO,GO,MONTE ALEGRE DE GOIAS,A032,-13.24805555,-46.88972221,1253,2007-06-07
CO,GO,PIRES DO RIO,A033,-17.30416666,-48.28416666,752,2007-10-12
CO,GO,CATALAO,A034,-18.15777777,-47.92638888,890,2008-01-31
CO,GO,ITUMBIARA,A035,-18.40972222,-49.19194444,488,2007-11-01
CO,GO,CRISTALINA,A036,-16.78805555,-47.61166666,1202,2007-12-14
CO,GO,SILVANIA,A037,-16.67694443,-48.61805554,949,2010-10-08
CO,MS,CAMPO GRANDE,A702,-20.45,-54.6,530,2001-09-10
CO,MS,PONTA PORA,A703,-22.5525,-55.71638888,675,2001-09-07
CO,MS,TRES LAGOAS,A704,-20.78999999,-51.71222222,313,2001-09-03
CO,MS,IVINHEMA,A709,-22.30666666,-53.82722221,"373,8",2003-02-08
CO,MS,PARANAIBA,A710,-19.69527777,-51.18138888,424,2006-11-10
CO,MS,NHUMIRIM,A717,-18.98888888,-56.62305554,91,2006-08-02
CO,MS,AQUIDAUANA,A719,-20.47555554,-55.78388888,155,2006-11-01
CO,MS,COXIM,A720,-18.51222222,-54.73583333,252,2006-11-06
CO,MS,DOURADOS,A721,-22.19388888,-54.91138888,469,2006-10-18
CO,MS,MIRANDA,A722,-20.38333333,-56.41666666,140,2006-11-02
CO,MS,PORTO MURTINHO,A723,-21.70583333,-57.88666666,85,2006-10-24
CO,MS,CORUMBA,A724,-18.99666666,-57.63749999,126,2006-10-26
CO,MS,CHAPADAO DO SUL,A730,-18.80222222,-52.60277777,818,2006-12-20
CO,MS,MARACAJU,A731,-21.60916666,-55.17777777,400,2006-12-15
CO,MS,SAO GABRIEL DO OESTE,A732,-19.42027777,-54.55305555,647,2006-12-18
CO,MS,CASSILANDIA,A742,-19.12249999,-51.72083332,516,2008-03-08
CO,MS,RIO BRILHANTE,A743,-21.77472221,-54.52805554,329,2008-06-26
CO,MS,JUTI,A749,-22.85722222,-54.60555555,379,2008-06-16
CO,MS,AMAMBAI,A750,-23.0025,-55.32944443,431,2008-06-11
CO,MS,SETE QUEDAS,A751,-23.96694443,-55.02416666,402,2008-06-03
CO,MS,ITAQUIRAI,A752,-23.44944444,-54.18166666,336,2008-05-28
CO,MS,SIDROLANDIA,A754,-20.98166666,-54.97194443,464,2008-09-29
CO,MS,AGUA CLARA,A756,-20.44444444,-52.87555554,338,2010-08-14
CO,MS,BELA VISTA,A757,-22.10083333,-56.53999999,208,2011-08-09
CO,MS,JARDIM,A758,-21.47833332,-56.13694444,249,2011-08-04
CO,MS,BATAGUASSU,A759,-21.75138888,-52.47055554,387,2013-03-21
CO,MS,COSTA RICA,A760,-18.82277777,-53.26722221,730,2012-12-04
CO,MS,SONORA,A761,-17.89638888,-54.45361111,486,2012-11-30
CO,MT,CUIABA,A901,-15.55916666,-56.72944443,240,2002-12-08
CO,MT,TANGARA DA SERRA,A902,-14.65,-57.41666666,"321,5",2002-12-11
CO,MT,S.J. DO RIO CLARO,A903,-13.45,-56.66666666,350,2003-02-25
CO,MT,SORRISO,A904,-12.55,-55.71666666,380,2002-12-16
CO,MT,CAMPO NOVO DOS PARECIS,A905,-13.78333333,-57.83333333,570,2002-12-13
CO,MT,GUARANTA DO NORTE,A906,-9.95,-54.88333333,320,2002-12-20
CO,MT,RONDONOPOLIS,A907,-16.45,-54.56666666,284,2003-11-17
CO,MT,AGUA BOA,A908,-14.01611111,-52.21222222,432,2006-12-16
CO,MT,ALTO ARAGUAIA,A909,-17.33944444,-53.22416666,753,2011-09-22
CO,MT,APIACAS,A910,-9.56388888,-57.3936111,220,2006-10-24
CO,MT,SAPEZAL,A911,-10.16583333,-59.45111111,105,2017-10-20
CO,MT,CAMPO VERDE,A912,-15.52749999,-55.13555555,749,2006-11-21
CO,MT,COMODORO,A913,-13.70861111,-59.76277777,591,2006-11-28
CO,MT,JUARA,A914,-11.28027777,-57.52666666,260,2006-11-02
CO,MT,PARANATINGA,A915,-14.42138888,-54.03527777,474,2006-12-19
CO,MT,QUERENCIA,A916,-12.5986111,-52.19444444,339,2007-07-18
CO,MT,SINOP,A917,-11.98222221,-55.56583333,371,2006-10-29
CO,MT,COTRIGUACU,A919,-9.90611111,-58.57194443,261,2007-05-28
CO,MT,JUINA,A920,-11.36694443,-58.73305554,220,2006-11-24
CO,MT,SAO FELIX  DO ARAGUAIA,A921,-11.61888888,-50.72777777,218,2007-10-19
CO,MT,VILA BELA DA SANTISSIMA TRINDADE,A922,-15.06277777,-59.87277777,222,2006-12-01
CO,MT,PRIMAVERA DO LESTE,A923,-15.57999999,-54.3811111,680,2017-10-26
CO,MT,ALTA FLORESTA,A924,-9.84944444,-56.1,289,2007-05-23
CO,MT,CARLINDA,A926,-10.00527777,-55.79055555,306,2008-04-09
CO,MT,BRASNORTE (MUNDO NOVO),A927,-12.87194443,-58.38722221,431,2008-02-29
CO,MT,NOVA MARINGA,A928,-13.06555555,-57.15611111,353,2008-04-16
CO,MT,NOVA UBIRATA,A929,-13.68638888,-54.95611111,518,2008-04-13
CO,MT,GAUCHA DO NORTE,A930,-13.18472221,-53.2575,379,2008-06-04
CO,MT,SANTO ANTONIO DO LESTE,A931,-14.92777777,-53.8836111,648,2008-05-30
CO,MT,GUIRATINGA,A932,-16.34166666,-53.76611111,526,2008-01-24
CO,MT,ITIQUIRA,A933,-17.29722221,-54.83722221,585,2008-08-14
CO,MT,ALTO TAQUARI,A934,-17.81555555,-53.28749999,875,2008-01-29
CO,MT,PORTO ESTRELA,A935,-15.54638888,-57.38166666,145,2008-05-30
CO,MT,SALTO DO CEU,A936,-15.13583333,-58.115,303,2008-01-24
CO,MT,PONTES E LACERDA,A937,-15.25111111,-59.34666666,256,2008-01-30
CO,MT,CACERES,A941,-16.07444443,-57.69277777,116,2012-03-30
N,AC,PARQUE ESTADUAL CHANDLESS,A102,-9.3575,-69.92722221,187,2008-08-05
N,AC,RIO BRANCO,A104,-9.95777777,-68.165,220,2008-07-11
N,AC,CRUZEIRO DO SUL,A108,-7.61055555,-72.405,220,2015-05-14
N,AC,PORTO WALTER,A136,-8.26694443,-72.74777777,204,2009-10-29
N,AC,MARECHAL THAUMATURGO,A137,-8.95,-72.78666666,230,2009-10-27
N,AC,FEIJO,A138,-8.24194444,-70.57527777,163,2009-09-24
N,AC,EPITACIOLANDIA,A140,-11.0236111,-68.73499999,217,2009-09-25
N,AM,MANAUS,A101,-3.10333333,-60.01638888,"61,25",2000-05-09
N,AM,EIRUNEPE,A109,-6.65027777,-69.86694443,143,2012-08-31
N,AM,BOCA DO ACRE,A110,-8.77666666,-67.33222221,111,2008-07-15
N,AM,LABREA,A111,-7.43527777,-64.7886111,64,2008-07-27
N,AM,HUMAITA,A112,-7.92277777,-63.12138888,72,2008-04-25
N,AM,APUI,A113,-7.21527777,-59.8886111,160,2008-07-19
N,AM,COARI,A117,-4.09749999,-63.14527777,53,2008-04-12
N,AM,MANACAPURU,A119,-3.29472221,-60.62833332,55,2008-04-10
N,AM,AUTAZES,A120,-2.05638888,-60.02555554,78,2008-04-17
N,AM,ITACOATIARA,A121,-3.13305554,-58.48277777,74,2008-04-17
N,AM,MAUES,A122,-3.39888888,-57.6736111,35,2008-04-22
N,AM,PARINTINS,A123,-2.64055555,-56.75472222,52,2008-04-11
N,AM,URUCARA,A124,-2.89638888,-57.75833333,17,2008-04-17
N,AM,RIO URUBU,A125,-2.7211111,-59.94333333,59,2008-06-26
N,AM,PRESIDENTE FIGUEIREDO,A126,-2.08499999,-60.04888888,92,2008-04-19
N,AM,BARCELOS,A128,-0.95861111,-62.94222221,42,2008-04-19
N,AM,MANICORE,A133,-5.81055555,-61.29194444,71,2011-12-12
N,AM,S. G. DA CACHOEIRA,A134,-0.12499999,-67.06111111,90,2011-08-31
N,AM,PEF IPIRANGA,S102,-2.93055554,-69.69527777,F,2016-12-01
N,AM,CRMN MANAUS,S103,-3.02249999,-60.05555555,F,2016-12-01
N,AM,DTCEA TABATINGA,S105,-4.25055555,-69.93499999,F,2016-12-01
N,AM,PEF YAUARETE,S115,0.59944444,-69.19194444,F,2016-12-01
N,AM,PEF ESTIRAO DO EQUADOR,S116,-4.52999999,-71.61749999,F,2016-12-01
N,AM,DTCEA TEFE,S117,-3.37722221,-64.72305554,F,2016-12-01
N,AM,SANTA ISABEL DO RIO NEGRO,S121,-0.41444444,-65.01749999,F,2016-12-01
N,AP,OIAPOQUE,A242,3.81361111,-51.8625,21,2008-09-11
N,AP,MACAPA,A249,0.03527777,-51.0886111,27,2013-12-12
N,AP,ITAUBAL,A251,0.56777777,-50.8236111,21,2017-08-24
N,PA,BELEM,A201,-1.41027777,-48.43833333,24,2003-01-20
N,PA,CASTANHAL,A202,-1.30083333,-47.93083332,65,2003-01-24
N,PA,MEDICILANDIA,A209,-3.51083333,-52.96361111,251,2008-02-17
N,PA,PACAJA,A210,-3.8436111,-50.63805555,108,2008-02-27
N,PA,PLACAS,A211,-3.8811111,-54.2461111,96,2008-02-14
N,PA,PARAGOMINAS,A212,-3.01027777,-47.34305555,101,2007-10-18
N,PA,TOME ACU,A213,-2.6,-48.36666666,38,2007-10-14
N,PA,RONDON DO PARA,A214,-4.82749999,-48.17333332,203,2008-04-17
N,PA,SALINOPOLIS,A215,-0.6186111,-47.35666666,41,2008-06-14
N,PA,SAO FELIX DO XINGU,A216,-6.63972221,-51.95694444,211,2016-11-15
N,PA,BRAGANCA,A226,-1.04527777,-46.78277777,33,2008-03-11
N,PA,SOURE,A227,-0.81111111,-48.51583333,11,2008-04-27
N,PA,BREVES,A228,-1.68027777,-50.47805554,11,2017-10-20
N,PA,TUCURUI,A229,-3.82277777,-49.67499999,148,2008-03-01
N,PA,SERRA DOS CARAJAS,A230,-6.07749999,-50.14222221,719,2008-09-03
N,PA,ITAITUBA,A231,-4.27638888,-55.99305555,13,2008-02-17
N,PA,OBIDOS,A232,-5.36583333,-49.12527777,96,2012-07-05
N,PA,SANTANA DO ARAGUAIA,A233,-9.3386111,-50.35027777,168,2008-05-30
N,PA,TUCUMA,A234,-6.7436111,-51.14222221,317,2008-07-18
N,PA,NOVO REPARTIMENTO,A235,-4.23444444,-49.94277777,106,2008-07-23
N,PA,CAMETA,A236,-2.2486111,-49.49305555,22,2008-06-20
N,PA,MONTE ALEGRE,A239,-2,-54.07583332,96,2012-07-06
N,PA,MARABA,A240,-5.16722221,-49.37916666,116,2009-06-25
N,PA,CONCEICAO DO ARAGUAIA,A241,-8.25916666,-49.27416666,180,2008-09-04
N,PA,MINA DO PALITO,A246,-6.31972221,-55.78722221,261,2010-09-28
N,PA,XINGUARA,A247,-7.11027777,-49.92583332,245,2016-09-11
N,PA,CAPITAO POCO,A248,-1.73472221,-47.0575,81,2011-04-18
N,PA,SANTAREM,A250,-2.50277777,-54.72027777,137,2015-09-02
N,PA,DOM ELISEU,S107,-4.28999999,-47.55,F,2016-12-01
N,PA,ULIANOPOLIS,S111,-3.8,-47.51,F,2016-12-01
N,PA,DTCEA JACAREACANGA,S120,-6.23722221,-57.77499999,F,2016-12-01
N,RO,PORTO VELHO,A925,-8.76388888,-63.47499999,98,2007-07-11
N,RO,VILHENA,A938,-12.73472221,-60.15777777,590,2008-08-26
N,RO,CACOAL,A939,-11.44583333,-61.43416666,210,2008-07-20
N,RO,ARIQUEMES,A940,-9.94888888,-62.96194444,140,2008-07-18
N,RO,FORTE PRINCIPE,S101,-12.42999999,-64.41999999,F,2016-12-01
N,RO,DTCEA VILHENA,S104,-12.75055555,-60.14916666,F,2016-12-01
N,RO,DTCEA GUAJARA-MIRIM,S110,-10.78999999,-65.33277777,F,2016-12-01
N,RR,BOA VISTA,A135,2.81694443,-60.69083333,94,2010-08-26
N,RR,BALIZA,S113,0.94777777,-59.74638888,F,2016-12-01
N,RR,PACARAIMA,S114,4.47749999,-61.14916666,F,2016-12-01
N,TO,PALMAS,A009,-10.18333333,-48.3,280,2004-12-17
N,TO,PARANA,A010,-12.615,-47.87194443,280,2005-03-04
N,TO,PEIXE,A018,-12.01666666,-48.55,242,2006-12-01
N,TO,GURUPI,A019,-11.74583333,-49.04972221,287,2006-12-20
N,TO,PEDRO AFONSO,A020,-8.9686111,-48.19416666,189,2007-01-23
N,TO,ARAGUAINA,A021,-7.10416666,-48.20111111,226,2007-01-26
N,TO,DIANOPOLIS,A038,-11.59416666,-46.84722221,732,2008-08-30
N,TO,FORMOSO DO ARAGUAIA,A039,-11.98722221,-49.60833333,220,2008-04-27
N,TO,MATEIROS,A040,-10.42999999,-45.91999999,798,2012-10-25
N,TO,MARIANOPOLIS DO TO,A041,-9.57666666,-49.72333332,203,2012-11-24
N,TO,CAMPOS LINDOS,A043,-8.15472222,-46.63916666,425,2012-10-29
N,TO,ARAGUATINS,A044,-5.6436111,-48.11166666,117,2009-03-12
N,TO,SANTA FE DO ARAGUAIA,A048,-7.12416666,-48.78138888,171,2016-07-30
N,TO,COLINAS DO TOCANTINS,A049,-8.09277777,-48.4786111,200,2016-11-11
N,TO,RIO SONO,A050,-9.16,-47.13277777,291,2016-08-03
N,TO,PIUM,A051,-10.47694443,-49.62944443,161,2016-04-06
N,TO,SANTA ROSA DO TOCANTINS,A052,-11.04638888,-48.18555555,306,2015-08-14
N,TO,ALMAS,A053,-11.28416666,-47.21222222,512,2016-04-01
N,TO,ARAGUACU,A054,-12.59222221,-49.5286111,231,2015-08-19
N,TO,LAGOA DA CONFUSAO,A055,-10.80833333,-49.84777777,178,2016-11-15
NE,AL,MACEIO,A303,-9.55111111,-35.77027777,80,2003-02-25
NE,AL,PAO DE ACUCAR,A323,-9.76583333,-37.44777777,19,2007-07-14
NE,AL,PALMEIRA DOS INDIOS,A327,-9.42055554,-36.62027777,275,2007-07-11
NE,AL,ARAPIRACA,A353,-9.80416666,-36.61888888,241,2008-04-27
NE,AL,CORURIPE,A355,-10.14527777,-36.28638888,74,2008-09-06
NE,AL,SAO LUIS DO QUITUNDE,A356,-9.28749999,-35.56583333,19,2008-09-08
NE,AL,PIRANHAS,A371,-9.62222221,-37.76722221,187,2017-09-20
NE,BA,SALVADOR,A401,-13.01666666,-38.51666666,"51,41",2000-05-13
NE,BA,BARREIRAS,A402,-12.15,-45.01666666,"470,37",2001-12-20
NE,BA,LUIZ EDUARDO MAGALHAES,A404,-12.15222222,-45.82972221,"754,04",2002-04-18
NE,BA,CARAVELAS,A405,-17.73333333,-39.26666666,"2,88",2002-12-20
NE,BA,CRUZ DAS ALMAS,A406,-12.65,-39.15,"225,87",2003-01-19
NE,BA,ITIRUCU,A407,-13.52833332,-40.11972221,"755,61",2003-02-09
NE,BA,ITABERABA,A408,-12.51666666,-40.3,"249,89",2003-01-29
NE,BA,ILHEUS,A410,-14.65944444,-39.1811111,78,2003-01-25
NE,BA,MACAJUBA,A412,-12.11666666,-40.18333333,380,2003-02-03
NE,BA,FEIRA DE SANTANA,A413,-12.19583333,-38.96722221,231,2007-05-26
NE,BA,VITORIA DA CONQUISTA,A414,-14.8861111,-40.80138888,"874,81",2007-06-01
NE,BA,SANTA RITA DE CASSIA,A415,-11.01999999,-44.52499999,450,2007-05-28
NE,BA,CORRENTINA,A416,-13.33222221,-44.61722221,549,2007-11-09
NE,BA,BOM JESUS DA LAPA,A418,-13.41666666,-43.18416666,440,2007-05-18
NE,BA,ABROLHOS,A422,-17.96416666,-38.6961111,25,2008-07-21
NE,BA,REMANSO,A423,-9.60277777,-42.10277777,401,2008-03-26
NE,BA,IRECE,A424,-11.32888888,-41.86444444,755,2008-03-31
NE,BA,LENCOIS,A425,-12.55722222,-41.38888888,"438,74",2008-04-05
NE,BA,GUANAMBI,A426,-14.20805555,-42.74944444,882,2008-04-24
NE,BA,PORTO SEGURO,A427,-16.38916666,-39.18249999,85,2008-07-10
NE,BA,SENHOR DO BONFIM,A428,-10.44305555,-40.14833333,539,2008-03-27
NE,BA,BARRA,A429,-11.08472221,-43.13916666,403,2008-05-12
NE,BA,PIATA,A430,-13.15583333,-41.77416666,1290,2008-05-03
NE,BA,CONDE,A431,-11.8,-37.59972221,"31,9",2008-04-07
NE,BA,BURITIRAMA,A432,-10.72305554,-43.65111111,"506,5",2008-05-15
NE,BA,BRUMADO,A433,-14.18166666,-41.67222221,470,2008-04-28
NE,BA,AMARGOSA,A434,-13.00944444,-39.61694443,407,2008-07-11
NE,BA,UAUA,A435,-9.8336111,-39.49555555,453,2008-05-20
NE,BA,QUEIMADAS,A436,-10.98472221,-39.61694443,315,2008-05-23
NE,BA,UNA,A437,-15.27999999,-39.0911111,74,2008-06-25
NE,BA,MARAU,A438,-13.90722222,-38.97222221,10,2008-06-22
NE,BA,IBOTIRAMA,A439,-12.19249999,-43.2125,430,2008-04-28
NE,BA,JACOBINA,A440,-11.205,-40.465,453,2008-05-01
NE,BA,SERRINHA,A441,-11.66444444,-39.02305554,339,2008-05-09
NE,BA,EUCLIDES DA CUNHA,A442,-10.53722221,-38.99666666,430,2008-03-31
NE,BA,DELFINO,A443,-10.455,-41.20722222,637,2008-07-15
NE,BA,VALENCA,A444,-13.3436111,-39.12666666,105,2009-06-29
NE,BA,IPIAU,A445,-14.17138888,-39.69249999,125,2009-06-30
NE,BA,ITAPETINGA,A446,-15.24472221,-40.22944443,269,2009-06-25
NE,BA,BELMONTE,A447,-16.08805555,-39.21555555,88,2009-07-02
NE,BA,CURACA,A448,-9.00138888,-39.91277777,370,2015-08-20
NE,BA,PILAO ARCADO,A449,-10.00222222,-42.47333332,400,2016-05-28
NE,BA,JEREMOABO,A450,-10.08083332,-38.34583333,261,2015-08-13
NE,BA,FORMOSO DO RIO PRETO,A452,-11.05222222,-45.20083333,488,2016-06-02
NE,BA,MACAUBAS,A454,-13.03888888,-42.61722221,574,2016-04-07
NE,BA,ITAMARAJU,A455,-17.00722222,-39.55138888,110,2016-05-28
NE,CE,FORTALEZA,A305,-3.83222221,-38.53777777,"26,45",2003-02-18
NE,CE,SOBRAL,A306,-3.73166666,-40.34555555,"109,62",2003-02-12
NE,CE,GUARAMIRANGA,A314,-4.26111111,-38.19749999,"38,2",2007-05-26
NE,CE,BARBALHA,A315,-7.31805554,-39.30166666,409,2007-05-31
NE,CE,IGUATU,A319,-6.39666666,-39.27027777,233,2007-05-30
NE,CE,TAUA,A324,-6.01666666,-40.28166666,415,2007-07-12
NE,CE,QUIXERAMOBIM,A325,-5.17305554,-39.28722221,232,2007-07-09
NE,CE,MORADA NOVA,A332,-5.13638888,-38.35638888,"43,6",2007-08-24
NE,CE,JAGUARUANA,A339,-4.85333333,-37.77694443,12,2007-11-10
NE,CE,CRATEUS,A342,-5.1861111,-40.66999999,291,2008-12-11
NE,CE,CAMPOS SALES,A347,-7.07805554,-40.36305555,572,2008-03-07
NE,CE,JAGUARIBE,A358,-5.90527777,-38.62777777,184,2008-09-10
NE,CE,ITAPIPOCA,A359,-3.48388888,-39.58833333,102,2008-09-05
NE,CE,ACARAU,A360,-3.12083332,-40.08694444,76,2009-04-22
NE,MA,SAO LUIS,A203,-2.52694443,-44.21305555,56,2003-01-29
NE,MA,BALSAS,A204,-7.45527777,-46.02749999,254,2007-10-26
NE,MA,CAROLINA,A205,-7.33722221,-47.45972222,192,2007-12-04
NE,MA,CHAPADINHA,A206,-3.74277777,-43.35194444,91,2008-09-17
NE,MA,GRAJAU,A207,-5.82472221,-46.15944444,230,2008-09-10
NE,MA,FAROL de SANTANA,A217,-2.27083332,-43.62388888,8,2008-11-28
NE,MA,PREGUICAS,A218,-2.59249999,-42.70722222,",1",2008-11-22
NE,MA,TURIACU,A219,-1.66166666,-45.37277777,41,2008-06-10
NE,MA,BACABAL,A220,-4.24305555,-44.79499999,28,2008-07-09
NE,MA,BARRA DO CORDA,A221,-5.50666666,-45.23694444,153,2008-03-06
NE,MA,COLINAS,A222,-6.03333333,-44.23333333,179,2008-06-03
NE,MA,ALTO PARNAIBA,A223,-9.10805555,-45.93194443,281,2008-06-03
NE,MA,ESTREITO,A224,-6.65333333,-47.41833332,180,2008-02-27
NE,MA,IMPERATRIZ,A225,-5.55555555,-47.45972222,126,2008-03-01
NE,MA,CAXIAS,A237,-4.82138888,-43.3436111,76,2008-07-13
NE,MA,BURITICUPU,A238,-4.32055554,-46.44972221,175,2008-09-11
NE,MA,SAO BENTO,S108,-2.7,-44.85,F,2016-12-01
NE,PB,AREIA,A310,-6.97499999,-35.68499999,"574,62",2004-11-16
NE,PB,CAMPINA GRANDE,A313,-7.24249999,-35.88888888,"547,56",2006-12-22
NE,PB,JOAO PESSOA,A320,-7.16583333,-34.81527777,47,2007-07-21
NE,PB,PATOS,A321,-7.07972221,-37.27249999,249,2007-07-21
NE,PB,SAO GONCALO,A333,-6.75666666,-38.22749999,"233,06",2007-11-06
NE,PB,MONTEIRO,A334,-7.89138888,-37.11527777,"603,66",2007-08-22
NE,PB,CABACEIRAS,A348,-7.48333333,-36.28638888,436,2008-02-28
NE,PB,CAMARATUBA,A352,-6.56083333,-35.13472221,136,2008-05-04
NE,PB,ITAPORANGA,A373,-7.3186111,-38.14083333,292,2017-11-03
NE,PE,RECIFE,A301,-8.05916666,-34.95944444,10,2004-12-22
NE,PE,PETROLINA,A307,-9.38805555,-40.48944444,"370,46",2003-02-21
NE,PE,ARCO VERDE,A309,-8.41694443,-37.08333333,"680,7",2004-11-20
NE,PE,GARANHUNS,A322,-8.90694444,-36.49472221,"822,76",2007-07-08
NE,PE,SURUBIM,A328,-7.83694444,-35.7961111,418,2008-03-09
NE,PE,CABROBO,A329,-8.50305555,-39.31388888,337,2007-09-04
NE,PE,CARUARU,A341,-8.2361111,-35.98583333,550,2007-11-21
NE,PE,IBIMIRIM,A349,-8.50944444,-37.71138888,448,2008-10-14
NE,PE,SERRA TALHADA,A350,-7.95361111,-38.29472221,461,2008-07-09
NE,PE,FLORESTA,A351,-8.5936111,-38.58388888,332,2008-09-15
NE,PE,PALMARES,A357,-8.66638888,-35.56805554,180,2008-09-04
NE,PE,OURICURI,A366,-7.88472221,-40.10111111,464,2010-08-11
NE,PE,SALGUEIRO,A370,-8.05805555,-39.0961111,447,2017-09-15
NE,PI,PARNAIBA,A308,-3.08638888,-41.78333333,"79,5",2003-02-06
NE,PI,FLORIANO,A311,-6.76666666,-43.01666666,"123,27",2004-11-18
NE,PI,TERESINA,A312,-5.07388888,-42.80694444,"74,36",2004-11-24
NE,PI,BOM JESUS DO PIAUI,A326,-9.08333333,-44.31666666,415,2007-07-17
NE,PI,PAULISTANA,A330,-8.07999999,-41.07999999,"374,22",2007-08-31
NE,PI,SAO JOAO DO PIAUI,A331,-8.36472222,-42.25083333,235,2007-08-26
NE,PI,PIRIPIRI,A335,-4.26388888,-41.77805554,"161,2",2007-08-31
NE,PI,ALVORADA DO GURGUEIA,A336,-8.44305555,-43.86472222,270,2007-11-17
NE,PI,CARACOL,A337,-9.2861111,-43.32444443,523,2007-11-10
NE,PI,ESPERANTINA,A338,-3.90083333,-42.23694444,65,2007-12-03
NE,PI,PICOS,A343,-7.07083332,-41.40416666,233,2008-12-12
NE,PI,SAO RAIMUNDO NONATO,A345,-9.03305554,-42.70055555,402,2008-02-27
NE,PI,URUCUI,A346,-7.47472221,-44.34472221,393,2008-03-06
NE,PI,OEIRAS,A354,-6.97416666,-42.14694444,156,2008-07-22
NE,PI,CASTELO DO PIAUI,A361,-5.34916666,-41.51222222,286,2009-04-20
NE,PI,SAO PEDRO DO PIAUI,A362,-5.91111111,-42.7186111,287,2009-05-20
NE,PI,VALENCA DO PIAUI,A363,-6.39916666,-41.73999999,301,2009-04-18
NE,PI,GILBUES,A364,-9.87472221,-45.34638888,425,2009-05-16
NE,PI,CANTO DO BURITI,A365,-8.11777777,-42.00888888,308,2010-06-12
NE,RN,ARQ.SAO PEDRO E SAO PAULO,A302,0.9,-29.31666666,15,2003-11-02
NE,RN,NATAL,A304,-5.9,-35.2,"48,6",2003-02-24
NE,RN,CAICO,A316,-6.45972222,-37.08888888,"169,85",2007-01-07
NE,RN,MACAU,A317,-5.15111111,-36.57305554,32,2007-01-06
NE,RN,MOSSORO,A318,-4.90388888,-37.36694443,36,2007-05-22
NE,RN,APODI,A340,-5.62638888,-37.815,150,2007-11-14
NE,RN,CALCANHAR,A344,-5.16,-35.45416666,17,2008-05-08
NE,RN,SANTA CRUZ,A367,-6.22777777,-36.02638888,237,2010-08-17
NE,RN,IPANGUACU,A372,-5.53499999,-36.87222221,19,2017-11-08
NE,SE,ARACAJU,A409,-10.95027777,-37.05,"4,72",2003-02-12
NE,SE,ITABAIANINHA,A417,-11.27249999,-37.79472221,208,2007-05-23
NE,SE,POCO VERDE,A419,-10.73749999,-38.10777777,362,2008-04-03
NE,SE,CARIRA,A420,-10.39944444,-37.74722221,308,2008-03-28
NE,SE,BREJO GRANDE,A421,-10.47944443,-36.48194443,"6,11",2008-07-17
NE,SE,ITABAIANA,A451,-10.67166666,-37.47138888,213,2017-04-24
NE,SE,NOSSA SENHORA DA GLORIA,A453,-10.20777777,-37.43194443,271,2017-03-24
S,PR,CURITIBA,A807,-25.43333333,-49.26666666,"923,5",2003-01-28
S,PR,IVAI,A818,-25.01333333,-50.8711111,808,2006-07-11
S,PR,CASTRO,A819,-24.78944444,-49.99972221,"1007,76",2006-07-09
S,PR,MAL. CANDIDO RONDON,A820,-24.53583333,-54.01972221,392,2006-11-18
S,PR,JOAQUIM TAVORA,A821,-23.50527777,-49.94638888,522,2006-11-23
S,PR,NOVA TEBAS,A822,-24.43722221,-51.96305555,654,2006-12-21
S,PR,INACIO MARTINS,A823,-25.56583333,-51.08944444,1260,2006-10-16
S,PR,ICARAIMA,A824,-23.39027777,-53.63472221,385,2006-11-16
S,PR,MARINGA,A835,-23.40777777,-51.91666666,542,2006-11-21
S,PR,NOVA FATIMA,A842,-23.40694444,-50.57777777,668,2007-02-08
S,PR,DOIS VIZINHOS,A843,-25.69472221,-53.09444444,520,2007-03-29
S,PR,FOZ DO IGUACU,A846,-25.60194444,-54.48305554,242,2008-02-15
S,PR,ILHA DO MEL,A847,-25.49444444,-48.32583332,1,2007-03-23
S,PR,DIAMANTE DO NORTE,A849,-22.63388888,-52.85888888,362,2008-03-06
S,PR,PARANAPOEMA,A850,-22.49166666,-52.13444444,311,2008-03-04
S,PR,PLANALTO,A855,-25.72194443,-53.74805555,398,2007-11-07
S,PR,CIDADE GAUCHA,A869,-23.37583332,-52.93194443,381,2008-03-11
S,PR,JAPIRA,A871,-23.77305554,-50.18055554,694,2008-02-29
S,PR,VENTANIA,A872,-24.23833333,-50.24555555,1106,2011-04-15
S,PR,MORRETES,A873,-25.51277777,-48.80861111,59,2008-03-13
S,PR,SAO MATEUS DO SUL,A874,-25.83499999,-50.3686111,788,2011-04-17
S,PR,GENERAL CARNEIRO,A875,-26.3986111,-51.35444444,1018,2008-04-30
S,PR,CLEVELANDIA,A876,-26.41722221,-52.34888888,980,2008-05-15
S,PR,CAMPINA DA LAGOA,B803,-24.57083332,-52.8025,592,2016-08-04
S,PR,LARANJEIRAS DO SUL,B804,-25.36888888,-52.39194444,835,2016-08-07
S,PR,COLOMBO,B806,-25.32222221,-49.1575,950,2016-06-01
S,RS,PORTO ALEGRE,A801,-30.05,-51.16666666,"46,97",2000-09-22
S,RS,RIO GRANDE,A802,-32.03333333,-52.1,"2,46",2001-11-16
S,RS,SANTA MARIA,A803,-29.70833333,-53.70361111,95,2001-11-26
S,RS,SANTANA DO LIVRAMENTO,A804,-30.84249999,-55.61277777,196,2001-11-22
S,RS,SANTO AUGUSTO,A805,-27.85416666,-53.7911111,490,2001-12-05
S,RS,TORRES,A808,-29.35027777,-49.73305554,"4,66",2006-06-01
S,RS,URUGUAIANA,A809,-29.84249999,-57.08249999,"62,31",2006-09-28
S,RS,SANTA ROSA,A810,-27.89305555,-54.48055554,276,2006-11-15
S,RS,CANGUCU,A811,-31.40583333,-52.70111111,462,2007-01-24
S,RS,CACAPAVA DO SUL,A812,-30.54777777,-53.46749999,420,2006-06-22
S,RS,RIO PARDO,A813,-29.87333332,-52.38249999,111,2006-09-30
S,RS,ALEGRETE,A826,-29.71166666,-55.5261111,121,2006-09-28
S,RS,BAGE,A827,-31.34777777,-54.01333333,230,2007-01-04
S,RS,ERECHIM,A828,-27.66027777,-52.30638888,765,2006-11-25
S,RS,SAO JOSE DOS AUSENTES,A829,-28.75138888,-50.05833333,1244,2006-10-26
S,RS,SAO BORJA,A830,-28.64944444,-56.01555555,83,2007-07-21
S,RS,QUARAI,A831,-30.3686111,-56.43722221,124,2007-10-17
S,RS,SAO GABRIEL,A832,-30.34138888,-54.31083333,126,2007-07-11
S,RS,SANTIAGO,A833,-29.19138888,-54.88555555,394,2009-02-04
S,RS,TRAMANDAI,A834,-30.00972222,-50.13527777,1,2008-03-09
S,RS,JAGUARAO,A836,-32.53749999,-53.37638888,47,2007-01-09
S,RS,SOLEDADE,A837,-28.85361111,-52.55833333,667,2008-03-01
S,RS,CAMAQUA,A838,-30.81055555,-51.83472221,"90,66",2006-12-12
S,RS,PASSO FUNDO,A839,-28.22944443,-52.40388888,"684,05",2006-11-27
S,RS,BENTO GONCALVES,A840,-29.16722221,-51.53472221,640,2006-12-01
S,RS,LAGOA VERMELHA,A844,-28.22194443,-51.51222222,"842,58",2007-03-02
S,RS,SAO LUIZ GONZAGA,A852,-28.41694443,-54.96222222,"245,11",2007-07-25
S,RS,CRUZ ALTA,A853,-28.60361111,-53.6736111,432,2007-05-31
S,RS,FREDERICO WESTPHALEN,A854,-27.39555555,-53.41277777,490,2007-12-14
S,RS,PALMEIRA DAS MISSOES,A856,-27.92166666,-53.31694443,631,2008-02-26
S,RS,MOSTARDAS,A878,-31.24777777,-50.90555555,10,2008-03-11
S,RS,CANELA,A879,-29.36888888,-50.82749999,830,2008-08-23
S,RS,VACARIA,A880,-28.51361111,-50.88277777,986,2008-04-26
S,RS,DOM PEDRITO,A881,-31.0025,-54.61805554,150,2010-04-23
S,RS,TEUTONIA,A882,-29.45027777,-51.82416666,81,2012-10-04
S,RS,IBIRUBA,A883,-28.65333333,-53.11194444,456,2012-12-13
S,RS,CAMPO BOM,A884,-29.67444443,-51.06416666,24,2013-11-29
S,RS,TUPANCIRETA,A886,-29.89388888,-53.82666666,462,2016-08-11
S,RS,SAO VICENTE DO SUL,A889,-29.70194444,-54.69416666,134,2016-04-06
S,RS,SERAFINA CORREA,A894,-28.70472222,-51.87055554,545,2016-04-01
S,RS,CAMBARA DO SUL,A897,-29.04888888,-50.14944444,1017,2016-11-24
S,RS,Santa Vitoria do Palmar - Barra do Chui,A899,-33.74166666,-53.37138888,26,2008-03-08
S,SC,FLORIANOPOLIS,A806,-27.6025,-48.61999999,"1,8",2003-01-22
S,SC,URUSSANGA,A814,-28.53249999,-49.31555555,48,2008-05-29
S,SC,SAO JOAQUIM,A815,-28.27555554,-49.93444444,1410,2008-04-12
S,SC,NOVO HORIZONTE,A816,-26.40694444,-52.85055555,960,2008-09-20
S,SC,INDAIAL,A817,-26.91361111,-49.26749999,"86,13",2006-07-02
S,SC,JOACABA,A841,-27.16944443,-51.57555554,776,2007-09-20
S,SC,BOM JARDIM DA SERRA - MORRO DA IGREJA,A845,-28.13333333,-49.48333333,1810,2007-06-17
S,SC,DIONISIO CERQUEIRA,A848,-26.28638888,-53.63277777,810,2008-05-31
S,SC,ITAPOA,A851,-26.0811111,-48.64166666,2,2007-06-06
S,SC,SAO MIGUEL DO OESTE,A857,-26.77666666,-53.50444444,665,2008-03-12
S,SC,XANXERE,A858,-26.9386111,-52.415,889,2008-03-15
S,SC,CACADOR,A859,-26.81944443,-50.98555555,952,2008-03-19
S,SC,CURITIBANOS,A860,-27.2886111,-50.60416666,860,2008-02-28
S,SC,RIO DO CAMPO,A861,-26.93749999,-50.14638888,592,2008-03-10
S,SC,RIO NEGRINHO,A862,-26.2486111,-49.58055554,869,2008-03-22
S,SC,ITUPORANGA,A863,-27.41833332,-49.64666666,484,2008-03-04
S,SC,MAJOR VIEIRA,A864,-26.3936111,-50.36333333,808,2009-02-09
S,SC,LAGES,A865,-27.80222222,-50.33555555,955,2014-11-06
S,SC,Laguna  - Farol de Santa Marta,A866,-28.60416666,-48.81333333,52,2008-06-01
S,SC,ARARANGUA,A867,-28.93138888,-49.49805555,12,2008-09-28
S,SC,ITAJAI,A868,-26.95083333,-48.76194444,18,2010-06-24
S,SC,RANCHO QUEIMADO,A870,-27.6786111,-49.04194444,881,2016-05-31
SE,ES,VITORIA,A612,-20.26666666,-40.3,9,2006-10-31
SE,ES,SANTA TERESA,A613,-19.98833333,-40.57944443,988,2007-08-09
SE,ES,LINHARES,A614,-19.35694444,-40.0686111,40,2006-10-27
SE,ES,ALFREDO CHAVES,A615,-20.63638888,-40.74138888,35,2006-11-03
SE,ES,SAO MATEUS,A616,-18.71388888,-39.84833333,39,2006-10-25
SE,ES,ALEGRE,A617,-20.75055555,-41.48888888,138,2006-10-25
SE,ES,PRES. KENNEDY,A622,-21.10111111,-41.03888888,80,2008-06-18
SE,ES,NOVA VENECIA,A623,-18.69527777,-40.4075,154,2008-06-22
SE,ES,ECOPORANGA,A631,-18.29166666,-40.73638888,224,2017-03-17
SE,ES,MARILANDIA,A632,-19.40722222,-40.53972221,95,2017-03-22
SE,ES,VENDA NOVA DO IMIGRANTE,A633,-20.25222222,-41.18999999,722,2017-02-10
SE,ES,VILA VELHA,A634,-20.46694443,-40.40416666,25,2017-02-15
SE,ES,AFONSO CLAUDIO,A657,-20.10416666,-41.10694444,520,2011-09-24
SE,MG,BARBACENA,A502,-21.22888888,-43.76694443,1155,2002-12-05
SE,MG,ARAXA,A505,-19.60555555,-46.94944444,1020,2002-12-19
SE,MG,MONTES CLAROS,A506,-16.71666666,-43.86666666,"646,29",2002-12-19
SE,MG,UBERLANDIA,A507,-18.91722221,-48.25555555,869,2002-12-18
SE,MG,ALMENARA,A508,-16.16666666,-40.68777777,194,2002-12-15
SE,MG,MONTE VERDE,A509,-22.86138888,-46.04333333,1500,2004-12-19
SE,MG,VICOSA,A510,-20.76277777,-42.86388888,"712,2",2005-09-15
SE,MG,TIMOTEO,A511,-19.5736111,-42.62222221,333,2006-02-22
SE,MG,ITUIUTABA,A512,-18.95277777,-49.52499999,560,2006-05-12
SE,MG,OURO BRANCO,A513,-20.54583333,-43.76944443,1061,2006-07-28
SE,MG,SAO JOAO DEL REI,A514,-21.22638888,-44.97944443,991,2006-06-09
SE,MG,VARGINHA,A515,-21.56638888,-45.40416666,955,2006-07-13
SE,MG,PASSOS,A516,-20.74499999,-46.63388888,784,2006-07-16
SE,MG,MURIAE,A517,-21.10472222,-42.37583332,297,2006-08-30
SE,MG,JUIZ DE FORA,A518,-21.76999999,-43.36416666,950,2007-05-26
SE,MG,CAMPINA VERDE,A519,-19.53916666,-49.51805554,"555,2",2006-07-15
SE,MG,CONCEICAO DAS ALAGOAS,A520,-19.98583333,-48.15138888,568,2006-07-18
SE,MG,PAMPULHA,A521,-19.884166660000002,-43.96944443,869,2006-10-10
SE,MG,SERRA DOS AIMORES,A522,-17.7986111,-40.24972221,208,2006-08-21
SE,MG,PATROCINIO,A523,-18.99638888,-46.98583333,976,2006-08-22
SE,MG,FORMIGA,A524,-20.45472222,-45.45388888,873,2006-08-17
SE,MG,SACRAMENTO,A525,-19.87527777,-47.43416666,912,2006-08-19
SE,MG,MONTALVANIA,A526,-15.08583333,-44.01583333,512,2007-06-26
SE,MG,TEOFILO OTONI,A527,-17.9,-41.51666666,475,2006-08-25
SE,MG,TRES MARIAS,A528,-18.20055555,-45.45972222,921,2006-08-25
SE,MG,PASSA QUATRO,A529,-22.3961111,-44.96166666,1040,2007-05-30
SE,MG,CALDAS,A530,-21.91805554,-46.38305554,1150,2006-11-28
SE,MG,MARIA DA FE,A531,-22.31444444,-45.37277777,"1276,33",2006-12-01
SE,MG,GOVERNADOR VALADARES,A532,-18.83027777,-41.97666666,214,2007-05-27
SE,MG,GUANHAES,A533,-18.78666666,-42.94305555,860,2007-06-02
SE,MG,AIMORES,A534,-19.53277777,-41.09083333,"83,74",2007-08-05
SE,MG,FLORESTAL,A535,-19.88527778,-44.41694444,750,2008-06-27
SE,MG,DORES DO INDAIA,A536,-19.48166666,-45.59388888,722,2007-06-01
SE,MG,DIAMANTINA,A537,-18.2311111,-43.64805555,1356,2007-06-05
SE,MG,CURVELO,A538,-18.76444444,-44.45361111,670,2006-12-18
SE,MG,MOCAMBINHO,A539,-15.08583333,-44.01611111,460,2007-11-11
SE,MG,MANTENA,A540,-18.78027777,-40.98583333,"213,5",2007-08-01
SE,MG,CAPELINHA,A541,-17.70527777,-42.38916666,948,2007-08-31
SE,MG,UNAI,A542,-16.55388888,-46.88194443,631,2007-06-16
SE,MG,ESPINOSA,A543,-14.91277777,-42.82972221,"569,64",2007-11-14
SE,MG,BURITIS,A544,-15.52416666,-46.43555555,894,2007-06-19
SE,MG,PIRAPORA,A545,-17.25777777,-44.83555555,503,2007-07-04
SE,MG,GUARDA-MOR,A546,-17.56166666,-47.19944444,616,2007-07-11
SE,MG,SAO ROMAO,A547,-16.3625,-45.12388888,460,2007-06-30
SE,MG,CHAPADA GAUCHA,A548,-15.31,-45.61666666,880,2007-06-22
SE,MG,AGUAS VERMELHAS,A549,-15.75222222,-41.45833333,740,2007-09-09
SE,MG,ITAOBIM,A550,-16.57555554,-41.48527777,266,2007-09-05
SE,MG,RIO PARDO DE MINAS,A551,-15.72277777,-42.43527777,950,2007-11-17
SE,MG,SALINAS,A552,-16.16027777,-42.31027777,495,2007-09-14
SE,MG,JOAO PINHEIRO,A553,-17.78472221,-46.11916666,877,2007-07-07
SE,MG,CARATINGA,A554,-19.73583333,-42.15361111,615,2007-05-24
SE,MG,IBIRITE (ROLA MOCA),A555,-20.0311111,-44.01111111,1208,2008-06-06
SE,MG,MANHUACU,A556,-20.26361111,-42.18277777,836,2010-09-25
SE,MG,CORONEL PACHECO,A557,-21.54694444,-43.26111111,431,2012-10-17
SE,MG,JANUARIA,A559,-15.44805555,-44.36638888,480,2016-06-23
SE,MG,SAO SEBASTIAO DO PARAISO,A561,-20.91,-47.11416666,845,2015-08-17
SE,MG,PATOS DE MINAS,A562,-18.52055554,-46.44055555,950,2017-05-12
SE,MG,JANAUBA,A563,-15.80277777,-43.29694444,532,2016-11-19
SE,MG,DIVINOPOLIS,A564,-20.17305554,-44.87472221,796,2017-10-26
SE,MG,BAMBUI,A565,-20.0311111,-46.00861111,697,2016-11-23
SE,MG,ARACUAI,A566,-16.84888888,-45.03527777,308,2017-05-19
SE,MG,MACHADO,A567,-21.68083332,-45.94444444,969,2017-07-21
SE,MG,UBERABA,A568,-19.71,-47.96166666,778,2017-05-19
SE,MG,SETE LAGOAS,A569,-19.455,-44.17333332,719,2016-06-10
SE,MG,OLIVEIRA,A570,-20.71472222,-44.86444444,1025,2017-10-19
SE,MG,BELO HORIZONTE - CERCADINHO,F501,-19.97999999,-43.95861111,1214,2013-12-27
SE,MG,EB_PEF_BONFIM,S122,3.35888888,-59.82388888,F,2016-12-01
SE,RJ,ECOLOGIA AGRICOLA,A601,-22.8,-43.68333333,33,2000-05-07
SE,RJ,MARAMBAIA,A602,-23.05,-43.6,"9,7",2002-11-08
SE,RJ,XEREM,A603,-22.58972221,-43.28222221,33,2002-10-21
SE,RJ,CAMBUCI,A604,-21.56666666,-41.95,35,2002-11-20
SE,RJ,ARRAIAL DO CABO,A606,-22.98333333,-42.01666666,4,2006-09-24
SE,RJ,CAMPOS,A607,-21.71666666,-41.35,25,2006-09-25
SE,RJ,MACAE,A608,-22.38333333,-41.81666667,32,2006-09-22
SE,RJ,RESENDE,A609,-22.45,-44.45,"439,89",2006-09-29
SE,RJ,PICO DO COUTO,A610,-22.48166666,-43.29138888,1777,2006-10-22
SE,RJ,VALENCA,A611,-22.35,-43.7,367,2006-09-27
SE,RJ,TERESOPOLIS,A618,-22.44888888,-42.98722221,980,2006-11-01
SE,RJ,PARATI,A619,-23.22333332,-44.72666666,5,2006-11-19
SE,RJ,SAO TOME,A620,-22.04166666,-41.05194444,8,2008-06-13
SE,RJ,VILA MILITAR,A621,-22.86083333,-43.41111111,45,2007-04-13
SE,RJ,NOVA FRIBURGO,A624,-22.33305554,-42.67722221,1046,2010-09-17
SE,RJ,TRES RIOS,A625,-22.09833333,-43.20861111,305,2016-06-08
SE,RJ,RIO CLARO,A626,-22.65361111,-44.04083333,516,2016-06-03
SE,RJ,ANGRA DOS REIS,A628,-22.97583332,-44.30333333,6,2017-08-25
SE,RJ,ITATIAIA,A635,-22.37388888,-44.70305555,2450,2017-09-01
SE,RJ,RIO DE JANEIRO - JACAREPAGUA,A636,-22.93972221,-43.40277777,20,2017-08-10
SE,RJ,FORTE DE COPACABANA,A652,-22.98833333,-43.19027777,42,2007-05-18
SE,RJ,SILVA JARDIM,A659,-22.64583333,-42.41583333,19,2015-08-28
SE,RJ,SAQUAREMA,A667,-22.8711111,-42.60916666,16,2015-09-02
SE,SP,SAO PAULO - MIRANTE,A701,-23.48333333,-46.61666666,"792,06",2006-07-25
SE,SP,BAURU,A705,-22.35805555,-49.02888888,666,2001-08-30
SE,SP,CAMPOS DO JORDAO,A706,-22.75027777,-45.60388888,1642,2002-03-13
SE,SP,PRESIDENTE PRUDENTE,A707,-22.11999999,-51.4,"435,55",2003-02-04
SE,SP,FRANCA,A708,-20.57999999,-47.37999999,1026,2002-12-12
SE,SP,SAO CARLOS,A711,-21.97972221,-47.88333333,863,2006-09-04
SE,SP,IGUAPE,A712,-24.71666666,-47.55,"2,66",2006-07-20
SE,SP,SOROCABA,A713,-23.35,-47.66666666,609,2006-08-22
SE,SP,ITAPEVA,A714,-23.98138888,-48.88527777,745,2006-07-25
SE,SP,SAO MIGUEL ARCANJO,A715,-23.85138888,-48.16444444,678,2006-08-15
SE,SP,OURINHOS,A716,-22.9486111,-49.89416666,448,2006-08-29
SE,SP,RANCHARIA,A718,-22.37249999,-50.97416666,398,2006-09-01
SE,SP,AVARE,A725,-23.09972221,-48.94555555,775,2006-09-22
SE,SP,PIRACICABA,A726,-22.70277777,-47.62305554,573,2006-09-26
SE,SP,LINS,A727,-21.66527777,-49.73416666,450,2006-09-20
SE,SP,TAUBATE,A728,-23.04194444,-45.52027777,571,2006-12-20
SE,SP,VOTUPORANGA,A729,-20.40305555,-49.96583333,465,2006-12-04
SE,SP,JALES,A733,-20.165,-50.59499999,457,2007-08-22
SE,SP,VALPARAISO,A734,-21.31916666,-50.930277769999996,374,2007-08-30
SE,SP,JOSE BONIFACIO,A735,-21.08555555,-49.92055554,405,2007-09-03
SE,SP,ARIRANHA,A736,-21.13305554,-48.84027777,525,2007-11-13
SE,SP,IBITINGA,A737,-21.85555555,-48.66666666,492,2007-11-09
SE,SP,CASA BRANCA,A738,-21.77972221,-47.07972221,730,2007-06-25
SE,SP,ITAPIRA,A739,-22.415,-46.805277769999996,633,2007-11-05
SE,SP,SAO LUIS DO PARAITINGA,A740,-23.22833332,-45.41722221,730,2007-11-01
SE,SP,BARRA BONITA,A741,-22.37083332,-48.55722222,544,2008-04-24
SE,SP,BRAGANCA PAULISTA,A744,-23.95194444,-46.53055554,891,2017-12-20
SE,SP,BARRA DO TURVO,A746,-24.96305555,-48.41638888,667,2008-07-03
SE,SP,PRADOPOLIS,A747,-21.33833333,-48.11388888,544,2008-04-22
SE,SP,BARRETOS,A748,-20.55888888,-48.54472221,533,2010-06-19
SE,SP,ITUVERAVA,A753,-20.35944444,-47.77499999,600,2008-07-17
SE,SP,BARUERI,A755,-23.52333332,-46.86916666,791,2011-03-29
SE,SP,DRACENA,A762,-21.45777777,-51.55222222,383,2016-11-03
SE,SP,MARILIA,A763,-22.23527777,-49.965,660,2017-05-15
SE,SP,BEBDOURO,A764,-20.94916666,-48.48972221,590,2016-10-27
SE,SP,BERTIOGA,A765,-23.84499999,-46.14305555,5,2017-02-01
SE,SP,REGISTRO,A766,-24.53305554,-47.86416666,35,2017-02-09
SE,SP,SAO SEBASTIAO,A767,-23.81083333,-45.4025,24,2017-10-25
SE,SP,TUPA,A768,-21.92722221,-50.49027777,498,2017-05-12
SE,SP,CACHOEIRA PAULISTA,A769,-22.68888888,-45.00555555,586,2017-10-20
